{"cameraMode":{"drawMode":0,"name":"Shaded","section":"Shading Mode"},"sceneLighting":true,"audioPlay":false,"sceneViewState":{"m_AlwaysRefresh":false,"showFog":true,"showSkybox":true,"showFlares":true,"showImageEffects":true,"showParticleSystems":true,"showVisualEffectGraphs":true,"m_FxEnabled":true},"in2DMode":false,"pivot":{"x":4.707964897155762,"y":2.5509519577026369,"z":3.6484224796295168},"rotation":{"x":-0.0033099341671913864,"y":0.002599255880340934,"z":-0.000010061514331027865,"w":-1.0000165700912476},"size":6.210721969604492,"orthographic":false}